item_id,date,sales
13_BEVERAGES,01/01/13,0
13_BEVERAGES,02/01/13,767
13_BEVERAGES,03/01/13,987
13_BEVERAGES,04/01/13,652
13_BEVERAGES,05/01/13,1095
13_BEVERAGES,06/01/13,724
13_BEVERAGES,07/01/13,513
13_BEVERAGES,08/01/13,703
13_BEVERAGES,09/01/13,622
13_BEVERAGES,10/01/13,668
13_BEVERAGES,11/01/13,448
13_BEVERAGES,12/01/13,868
13_BEVERAGES,13/01/13,802
13_BEVERAGES,14/01/13,753
13_BEVERAGES,15/01/13,806
13_BEVERAGES,16/01/13,816
13_BEVERAGES,17/01/13,563
13_BEVERAGES,18/01/13,558
13_BEVERAGES,19/01/13,1249
13_BEVERAGES,20/01/13,687
13_BEVERAGES,21/01/13,742
13_BEVERAGES,22/01/13,580
13_BEVERAGES,23/01/13,601
13_BEVERAGES,24/01/13,390
13_BEVERAGES,25/01/13,815
13_BEVERAGES,26/01/13,1022
13_BEVERAGES,27/01/13,533
13_BEVERAGES,28/01/13,562
13_BEVERAGES,29/01/13,708
13_BEVERAGES,30/01/13,671
13_BEVERAGES,31/01/13,696
13_BEVERAGES,01/02/13,1006
13_BEVERAGES,02/02/13,1209
13_BEVERAGES,03/02/13,665
13_BEVERAGES,04/02/13,531
13_BEVERAGES,05/02/13,561
13_BEVERAGES,06/02/13,505
13_BEVERAGES,07/02/13,608
13_BEVERAGES,08/02/13,674
13_BEVERAGES,09/02/13,927
13_BEVERAGES,10/02/13,564
13_BEVERAGES,11/02/13,388
13_BEVERAGES,12/02/13,461
13_BEVERAGES,13/02/13,564
13_BEVERAGES,14/02/13,517
13_BEVERAGES,15/02/13,481
13_BEVERAGES,16/02/13,924
13_BEVERAGES,17/02/13,599
13_BEVERAGES,18/02/13,470
13_BEVERAGES,19/02/13,461
13_BEVERAGES,20/02/13,618
13_BEVERAGES,21/02/13,564
13_BEVERAGES,22/02/13,443
13_BEVERAGES,23/02/13,790
13_BEVERAGES,24/02/13,669
13_BEVERAGES,25/02/13,503
13_BEVERAGES,26/02/13,574
13_BEVERAGES,27/02/13,441
13_BEVERAGES,28/02/13,602
13_BEVERAGES,01/03/13,496
13_BEVERAGES,02/03/13,1136
13_BEVERAGES,03/03/13,750
13_BEVERAGES,04/03/13,700
13_BEVERAGES,05/03/13,762
13_BEVERAGES,06/03/13,431
13_BEVERAGES,07/03/13,544
13_BEVERAGES,08/03/13,542
13_BEVERAGES,09/03/13,951
13_BEVERAGES,10/03/13,618
13_BEVERAGES,11/03/13,586
13_BEVERAGES,12/03/13,412
13_BEVERAGES,13/03/13,547
13_BEVERAGES,14/03/13,465
13_BEVERAGES,15/03/13,621
13_BEVERAGES,16/03/13,784
13_BEVERAGES,17/03/13,768
13_BEVERAGES,18/03/13,377
13_BEVERAGES,19/03/13,535
13_BEVERAGES,20/03/13,588
13_BEVERAGES,21/03/13,461
13_BEVERAGES,22/03/13,603
13_BEVERAGES,23/03/13,877
13_BEVERAGES,24/03/13,894
13_BEVERAGES,25/03/13,749
13_BEVERAGES,26/03/13,680
13_BEVERAGES,27/03/13,503
13_BEVERAGES,28/03/13,662
13_BEVERAGES,29/03/13,817
13_BEVERAGES,30/03/13,1150
13_BEVERAGES,31/03/13,797
13_BEVERAGES,01/04/13,904
13_BEVERAGES,02/04/13,700
13_BEVERAGES,03/04/13,788
13_BEVERAGES,04/04/13,777
13_BEVERAGES,05/04/13,844
13_BEVERAGES,06/04/13,995
13_BEVERAGES,07/04/13,1142
13_BEVERAGES,08/04/13,842
13_BEVERAGES,09/04/13,804
13_BEVERAGES,10/04/13,819
13_BEVERAGES,11/04/13,697
13_BEVERAGES,12/04/13,783
13_BEVERAGES,13/04/13,1005
13_BEVERAGES,14/04/13,576
13_BEVERAGES,15/04/13,624
13_BEVERAGES,16/04/13,638
13_BEVERAGES,17/04/13,545
13_BEVERAGES,18/04/13,662
13_BEVERAGES,19/04/13,807
13_BEVERAGES,20/04/13,1062
13_BEVERAGES,21/04/13,735
13_BEVERAGES,22/04/13,737
13_BEVERAGES,23/04/13,666
13_BEVERAGES,24/04/13,726
13_BEVERAGES,25/04/13,738
13_BEVERAGES,26/04/13,710
13_BEVERAGES,27/04/13,1436
13_BEVERAGES,28/04/13,1106
13_BEVERAGES,29/04/13,722
13_BEVERAGES,30/04/13,848
13_BEVERAGES,01/05/13,615
13_BEVERAGES,02/05/13,822
13_BEVERAGES,03/05/13,799
13_BEVERAGES,04/05/13,1082
13_BEVERAGES,05/05/13,1082
13_BEVERAGES,06/05/13,865
13_BEVERAGES,07/05/13,751
13_BEVERAGES,08/05/13,568
13_BEVERAGES,09/05/13,791
13_BEVERAGES,10/05/13,646
13_BEVERAGES,11/05/13,1339
13_BEVERAGES,12/05/13,782
13_BEVERAGES,13/05/13,794
13_BEVERAGES,14/05/13,727
13_BEVERAGES,15/05/13,611
13_BEVERAGES,16/05/13,718
13_BEVERAGES,17/05/13,648
13_BEVERAGES,18/05/13,1081
13_BEVERAGES,19/05/13,617
13_BEVERAGES,20/05/13,758
13_BEVERAGES,21/05/13,548
13_BEVERAGES,22/05/13,727
13_BEVERAGES,23/05/13,680
13_BEVERAGES,24/05/13,745
13_BEVERAGES,25/05/13,920
13_BEVERAGES,26/05/13,572
13_BEVERAGES,27/05/13,954
13_BEVERAGES,28/05/13,655
13_BEVERAGES,29/05/13,812
13_BEVERAGES,30/05/13,824
13_BEVERAGES,31/05/13,679
13_BEVERAGES,01/06/13,1093
13_BEVERAGES,02/06/13,627
13_BEVERAGES,03/06/13,883
13_BEVERAGES,04/06/13,830
13_BEVERAGES,05/06/13,382
13_BEVERAGES,06/06/13,660
13_BEVERAGES,07/06/13,741
13_BEVERAGES,08/06/13,1125
13_BEVERAGES,09/06/13,698
13_BEVERAGES,10/06/13,741
13_BEVERAGES,11/06/13,547
13_BEVERAGES,12/06/13,741
13_BEVERAGES,13/06/13,879
13_BEVERAGES,14/06/13,523
13_BEVERAGES,15/06/13,1224
13_BEVERAGES,16/06/13,758
13_BEVERAGES,17/06/13,800
13_BEVERAGES,18/06/13,675
13_BEVERAGES,19/06/13,482
13_BEVERAGES,20/06/13,687
13_BEVERAGES,21/06/13,588
13_BEVERAGES,22/06/13,948
13_BEVERAGES,23/06/13,906
13_BEVERAGES,24/06/13,519
13_BEVERAGES,25/06/13,529
13_BEVERAGES,26/06/13,580
13_BEVERAGES,27/06/13,566
13_BEVERAGES,28/06/13,526
13_BEVERAGES,29/06/13,1088
13_BEVERAGES,30/06/13,747
13_BEVERAGES,01/07/13,1038
13_BEVERAGES,02/07/13,697
13_BEVERAGES,03/07/13,730
13_BEVERAGES,04/07/13,789
13_BEVERAGES,05/07/13,650
13_BEVERAGES,06/07/13,1041
13_BEVERAGES,07/07/13,642
13_BEVERAGES,08/07/13,596
13_BEVERAGES,09/07/13,653
13_BEVERAGES,10/07/13,403
13_BEVERAGES,11/07/13,619
13_BEVERAGES,12/07/13,548
13_BEVERAGES,13/07/13,1077
13_BEVERAGES,14/07/13,605
13_BEVERAGES,15/07/13,451
13_BEVERAGES,16/07/13,498
13_BEVERAGES,17/07/13,681
13_BEVERAGES,18/07/13,529
13_BEVERAGES,19/07/13,480
13_BEVERAGES,20/07/13,938
13_BEVERAGES,21/07/13,564
13_BEVERAGES,22/07/13,587
13_BEVERAGES,23/07/13,560
13_BEVERAGES,24/07/13,615
13_BEVERAGES,25/07/13,589
13_BEVERAGES,26/07/13,798
13_BEVERAGES,27/07/13,1084
13_BEVERAGES,28/07/13,775
13_BEVERAGES,29/07/13,696
13_BEVERAGES,30/07/13,673
13_BEVERAGES,31/07/13,525
13_BEVERAGES,01/08/13,630
13_BEVERAGES,02/08/13,586
13_BEVERAGES,03/08/13,811
13_BEVERAGES,04/08/13,411
13_BEVERAGES,05/08/13,661
13_BEVERAGES,06/08/13,358
13_BEVERAGES,07/08/13,511
13_BEVERAGES,08/08/13,822
13_BEVERAGES,09/08/13,657
13_BEVERAGES,10/08/13,875
13_BEVERAGES,11/08/13,689
13_BEVERAGES,12/08/13,581
13_BEVERAGES,13/08/13,756
13_BEVERAGES,14/08/13,381
13_BEVERAGES,15/08/13,695
13_BEVERAGES,16/08/13,595
13_BEVERAGES,17/08/13,974
13_BEVERAGES,18/08/13,559
13_BEVERAGES,19/08/13,614
13_BEVERAGES,20/08/13,570
13_BEVERAGES,21/08/13,413
13_BEVERAGES,22/08/13,562
13_BEVERAGES,23/08/13,398
13_BEVERAGES,24/08/13,725
13_BEVERAGES,25/08/13,545
13_BEVERAGES,26/08/13,612
13_BEVERAGES,27/08/13,420
13_BEVERAGES,28/08/13,518
13_BEVERAGES,29/08/13,395
13_BEVERAGES,30/08/13,539
13_BEVERAGES,31/08/13,1065
13_BEVERAGES,01/09/13,692
13_BEVERAGES,02/09/13,697
13_BEVERAGES,03/09/13,602
13_BEVERAGES,04/09/13,564
13_BEVERAGES,05/09/13,469
13_BEVERAGES,06/09/13,633
13_BEVERAGES,07/09/13,836
13_BEVERAGES,08/09/13,861
13_BEVERAGES,09/09/13,534
13_BEVERAGES,10/09/13,562
13_BEVERAGES,11/09/13,591
13_BEVERAGES,12/09/13,717
13_BEVERAGES,13/09/13,722
13_BEVERAGES,14/09/13,1066
13_BEVERAGES,15/09/13,663
13_BEVERAGES,16/09/13,571
13_BEVERAGES,17/09/13,785
13_BEVERAGES,18/09/13,496
13_BEVERAGES,19/09/13,716
13_BEVERAGES,20/09/13,624
13_BEVERAGES,21/09/13,1316
13_BEVERAGES,22/09/13,926
13_BEVERAGES,23/09/13,642
13_BEVERAGES,24/09/13,538
13_BEVERAGES,25/09/13,784
13_BEVERAGES,26/09/13,673
13_BEVERAGES,27/09/13,721
13_BEVERAGES,28/09/13,1117
13_BEVERAGES,29/09/13,696
13_BEVERAGES,30/09/13,568
13_BEVERAGES,01/10/13,899
13_BEVERAGES,02/10/13,1054
13_BEVERAGES,03/10/13,1070
13_BEVERAGES,04/10/13,544
13_BEVERAGES,05/10/13,1137
13_BEVERAGES,06/10/13,1199
13_BEVERAGES,07/10/13,783
13_BEVERAGES,08/10/13,683
13_BEVERAGES,09/10/13,689
13_BEVERAGES,10/10/13,582
13_BEVERAGES,11/10/13,693
13_BEVERAGES,12/10/13,1065
13_BEVERAGES,13/10/13,848
13_BEVERAGES,14/10/13,653
13_BEVERAGES,15/10/13,542
13_BEVERAGES,16/10/13,524
13_BEVERAGES,17/10/13,392
13_BEVERAGES,18/10/13,666
13_BEVERAGES,19/10/13,1311
13_BEVERAGES,20/10/13,1043
13_BEVERAGES,21/10/13,830
13_BEVERAGES,22/10/13,525
13_BEVERAGES,23/10/13,422
13_BEVERAGES,24/10/13,630
13_BEVERAGES,25/10/13,864
13_BEVERAGES,26/10/13,938
13_BEVERAGES,27/10/13,698
13_BEVERAGES,28/10/13,631
13_BEVERAGES,29/10/13,1145
13_BEVERAGES,30/10/13,449
13_BEVERAGES,31/10/13,804
13_BEVERAGES,01/11/13,644
13_BEVERAGES,02/11/13,1124
13_BEVERAGES,03/11/13,954
13_BEVERAGES,04/11/13,1265
13_BEVERAGES,05/11/13,675
13_BEVERAGES,06/11/13,802
13_BEVERAGES,07/11/13,691
13_BEVERAGES,08/11/13,1321
13_BEVERAGES,09/11/13,1049
13_BEVERAGES,10/11/13,1045
13_BEVERAGES,11/11/13,1030
13_BEVERAGES,12/11/13,645
13_BEVERAGES,13/11/13,504
13_BEVERAGES,14/11/13,567
13_BEVERAGES,15/11/13,711
13_BEVERAGES,16/11/13,1021
13_BEVERAGES,17/11/13,920
13_BEVERAGES,18/11/13,660
13_BEVERAGES,19/11/13,668
13_BEVERAGES,20/11/13,840
13_BEVERAGES,21/11/13,685
13_BEVERAGES,22/11/13,517
13_BEVERAGES,23/11/13,1292
13_BEVERAGES,24/11/13,971
13_BEVERAGES,25/11/13,602
13_BEVERAGES,26/11/13,644
13_BEVERAGES,27/11/13,619
13_BEVERAGES,28/11/13,759
13_BEVERAGES,29/11/13,922
13_BEVERAGES,30/11/13,1495
13_BEVERAGES,01/12/13,967
13_BEVERAGES,02/12/13,1059
13_BEVERAGES,03/12/13,929
13_BEVERAGES,04/12/13,482
13_BEVERAGES,05/12/13,701
13_BEVERAGES,06/12/13,679
13_BEVERAGES,07/12/13,1251
13_BEVERAGES,08/12/13,781
13_BEVERAGES,09/12/13,843
13_BEVERAGES,10/12/13,808
13_BEVERAGES,11/12/13,615
13_BEVERAGES,12/12/13,695
13_BEVERAGES,13/12/13,688
13_BEVERAGES,14/12/13,1089
13_BEVERAGES,15/12/13,1239
13_BEVERAGES,16/12/13,684
13_BEVERAGES,17/12/13,750
13_BEVERAGES,18/12/13,862
13_BEVERAGES,19/12/13,850
13_BEVERAGES,20/12/13,1017
13_BEVERAGES,21/12/13,1764
13_BEVERAGES,22/12/13,834
13_BEVERAGES,23/12/13,938
13_BEVERAGES,24/12/13,1126
13_BEVERAGES,26/12/13,1072
13_BEVERAGES,27/12/13,699
13_BEVERAGES,28/12/13,1352
13_BEVERAGES,29/12/13,915
13_BEVERAGES,30/12/13,1001
13_BEVERAGES,31/12/13,1308
13_BEVERAGES,01/01/14,0
13_BEVERAGES,02/01/14,1934
13_BEVERAGES,03/01/14,1671
13_BEVERAGES,04/01/14,2385
13_BEVERAGES,05/01/14,1802
13_BEVERAGES,06/01/14,1029
13_BEVERAGES,07/01/14,1425
13_BEVERAGES,08/01/14,1046
13_BEVERAGES,09/01/14,1057
13_BEVERAGES,10/01/14,1064
13_BEVERAGES,11/01/14,2216
13_BEVERAGES,12/01/14,1454
13_BEVERAGES,13/01/14,1325
13_BEVERAGES,14/01/14,1271
13_BEVERAGES,15/01/14,910
13_BEVERAGES,16/01/14,1182
13_BEVERAGES,17/01/14,1039
13_BEVERAGES,18/01/14,1890
13_BEVERAGES,19/01/14,1701
13_BEVERAGES,20/01/14,1335
13_BEVERAGES,21/01/14,1458
13_BEVERAGES,22/01/14,1600
13_BEVERAGES,23/01/14,911
13_BEVERAGES,24/01/14,1373
13_BEVERAGES,25/01/14,1863
13_BEVERAGES,26/01/14,1773
13_BEVERAGES,27/01/14,1112
13_BEVERAGES,28/01/14,1110
13_BEVERAGES,29/01/14,1190
13_BEVERAGES,30/01/14,1025
13_BEVERAGES,31/01/14,1120
13_BEVERAGES,01/02/14,1267
13_BEVERAGES,02/02/14,940
13_BEVERAGES,03/02/14,644
13_BEVERAGES,04/02/14,977
13_BEVERAGES,05/02/14,422
13_BEVERAGES,06/02/14,819
13_BEVERAGES,07/02/14,762
13_BEVERAGES,08/02/14,1422
13_BEVERAGES,09/02/14,772
13_BEVERAGES,10/02/14,747
13_BEVERAGES,11/02/14,565
13_BEVERAGES,12/02/14,643
13_BEVERAGES,13/02/14,601
13_BEVERAGES,14/02/14,787
13_BEVERAGES,15/02/14,1345
13_BEVERAGES,16/02/14,979
13_BEVERAGES,17/02/14,822
13_BEVERAGES,18/02/14,583
13_BEVERAGES,19/02/14,486
13_BEVERAGES,20/02/14,605
13_BEVERAGES,21/02/14,665
13_BEVERAGES,22/02/14,840
13_BEVERAGES,23/02/14,682
13_BEVERAGES,24/02/14,486
13_BEVERAGES,25/02/14,569
13_BEVERAGES,26/02/14,491
13_BEVERAGES,27/02/14,608
13_BEVERAGES,28/02/14,790
13_BEVERAGES,01/03/14,2091
13_BEVERAGES,02/03/14,1316
13_BEVERAGES,03/03/14,1114
13_BEVERAGES,04/03/14,1463
13_BEVERAGES,05/03/14,1152
13_BEVERAGES,06/03/14,1427
13_BEVERAGES,07/03/14,1075
13_BEVERAGES,08/03/14,2178
13_BEVERAGES,09/03/14,1588
13_BEVERAGES,10/03/14,1197
13_BEVERAGES,11/03/14,1344
13_BEVERAGES,12/03/14,983
13_BEVERAGES,13/03/14,1187
13_BEVERAGES,14/03/14,1085
13_BEVERAGES,15/03/14,1748
13_BEVERAGES,16/03/14,1626
13_BEVERAGES,17/03/14,1026
13_BEVERAGES,18/03/14,1105
13_BEVERAGES,19/03/14,914
13_BEVERAGES,20/03/14,989
13_BEVERAGES,21/03/14,1175
13_BEVERAGES,22/03/14,3002
13_BEVERAGES,23/03/14,1356
13_BEVERAGES,24/03/14,1171
13_BEVERAGES,25/03/14,943
13_BEVERAGES,26/03/14,791
13_BEVERAGES,27/03/14,994
13_BEVERAGES,28/03/14,1147
13_BEVERAGES,29/03/14,2074
13_BEVERAGES,30/03/14,1831
13_BEVERAGES,31/03/14,1110
13_BEVERAGES,01/04/14,999
13_BEVERAGES,02/04/14,652
13_BEVERAGES,03/04/14,604
13_BEVERAGES,04/04/14,905
13_BEVERAGES,05/04/14,1339
13_BEVERAGES,06/04/14,829
13_BEVERAGES,07/04/14,709
13_BEVERAGES,08/04/14,796
13_BEVERAGES,09/04/14,671
13_BEVERAGES,10/04/14,724
13_BEVERAGES,11/04/14,717
13_BEVERAGES,12/04/14,1159
13_BEVERAGES,13/04/14,836
13_BEVERAGES,14/04/14,590
13_BEVERAGES,15/04/14,479
13_BEVERAGES,16/04/14,682
13_BEVERAGES,17/04/14,679
13_BEVERAGES,18/04/14,761
13_BEVERAGES,19/04/14,1152
13_BEVERAGES,20/04/14,1032
13_BEVERAGES,21/04/14,803
13_BEVERAGES,22/04/14,847
13_BEVERAGES,23/04/14,668
13_BEVERAGES,24/04/14,614
13_BEVERAGES,25/04/14,861
13_BEVERAGES,26/04/14,901
13_BEVERAGES,27/04/14,926
13_BEVERAGES,28/04/14,687
13_BEVERAGES,29/04/14,645
13_BEVERAGES,30/04/14,739
13_BEVERAGES,01/05/14,784
13_BEVERAGES,02/05/14,678
13_BEVERAGES,03/05/14,1226
13_BEVERAGES,04/05/14,930
13_BEVERAGES,05/05/14,634
13_BEVERAGES,06/05/14,601
13_BEVERAGES,07/05/14,733
13_BEVERAGES,08/05/14,661
13_BEVERAGES,09/05/14,777
13_BEVERAGES,10/05/14,1103
13_BEVERAGES,11/05/14,961
13_BEVERAGES,12/05/14,572
13_BEVERAGES,13/05/14,667
13_BEVERAGES,14/05/14,500
13_BEVERAGES,15/05/14,681
13_BEVERAGES,16/05/14,671
13_BEVERAGES,17/05/14,1067
13_BEVERAGES,18/05/14,1025
13_BEVERAGES,19/05/14,802
13_BEVERAGES,20/05/14,562
13_BEVERAGES,21/05/14,619
13_BEVERAGES,22/05/14,482
13_BEVERAGES,23/05/14,597
13_BEVERAGES,24/05/14,844
13_BEVERAGES,25/05/14,593
13_BEVERAGES,26/05/14,554
13_BEVERAGES,27/05/14,453
13_BEVERAGES,28/05/14,348
13_BEVERAGES,29/05/14,768
13_BEVERAGES,30/05/14,649
13_BEVERAGES,31/05/14,1046
13_BEVERAGES,01/06/14,846
13_BEVERAGES,02/06/14,578
13_BEVERAGES,03/06/14,696
13_BEVERAGES,04/06/14,557
13_BEVERAGES,05/06/14,612
13_BEVERAGES,06/06/14,638
13_BEVERAGES,07/06/14,973
13_BEVERAGES,08/06/14,757
13_BEVERAGES,09/06/14,605
13_BEVERAGES,10/06/14,625
13_BEVERAGES,11/06/14,676
13_BEVERAGES,12/06/14,533
13_BEVERAGES,13/06/14,592
13_BEVERAGES,14/06/14,872
13_BEVERAGES,15/06/14,805
13_BEVERAGES,16/06/14,625
13_BEVERAGES,17/06/14,492
13_BEVERAGES,18/06/14,479
13_BEVERAGES,19/06/14,571
13_BEVERAGES,20/06/14,548
13_BEVERAGES,21/06/14,722
13_BEVERAGES,22/06/14,507
13_BEVERAGES,23/06/14,653
13_BEVERAGES,24/06/14,517
13_BEVERAGES,25/06/14,451
13_BEVERAGES,26/06/14,612
13_BEVERAGES,27/06/14,556
13_BEVERAGES,28/06/14,811
13_BEVERAGES,29/06/14,845
13_BEVERAGES,30/06/14,546
13_BEVERAGES,01/07/14,1535
13_BEVERAGES,02/07/14,1269
13_BEVERAGES,03/07/14,1765
13_BEVERAGES,04/07/14,2509
13_BEVERAGES,05/07/14,2013
13_BEVERAGES,06/07/14,1207
13_BEVERAGES,07/07/14,1131
13_BEVERAGES,08/07/14,1329
13_BEVERAGES,09/07/14,1134
13_BEVERAGES,10/07/14,928
13_BEVERAGES,11/07/14,1131
13_BEVERAGES,12/07/14,1854
13_BEVERAGES,13/07/14,1122
13_BEVERAGES,14/07/14,1143
13_BEVERAGES,15/07/14,1119
13_BEVERAGES,16/07/14,1060
13_BEVERAGES,17/07/14,941
13_BEVERAGES,18/07/14,971
13_BEVERAGES,19/07/14,2340
13_BEVERAGES,20/07/14,1002
13_BEVERAGES,21/07/14,2668
13_BEVERAGES,22/07/14,1253
13_BEVERAGES,23/07/14,1005
13_BEVERAGES,24/07/14,1222
13_BEVERAGES,25/07/14,1031
13_BEVERAGES,26/07/14,1601
13_BEVERAGES,27/07/14,1053
13_BEVERAGES,28/07/14,1325
13_BEVERAGES,29/07/14,1131
13_BEVERAGES,30/07/14,826
13_BEVERAGES,31/07/14,1158
13_BEVERAGES,01/08/14,798
13_BEVERAGES,02/08/14,945
13_BEVERAGES,03/08/14,2570
13_BEVERAGES,04/08/14,759
13_BEVERAGES,05/08/14,598
13_BEVERAGES,06/08/14,440
13_BEVERAGES,07/08/14,583
13_BEVERAGES,08/08/14,757
13_BEVERAGES,09/08/14,832
13_BEVERAGES,10/08/14,450
13_BEVERAGES,11/08/14,416
13_BEVERAGES,12/08/14,691
13_BEVERAGES,13/08/14,399
13_BEVERAGES,14/08/14,511
13_BEVERAGES,15/08/14,671
13_BEVERAGES,16/08/14,931
13_BEVERAGES,17/08/14,554
13_BEVERAGES,18/08/14,446
13_BEVERAGES,19/08/14,365
13_BEVERAGES,20/08/14,453
13_BEVERAGES,21/08/14,645
13_BEVERAGES,22/08/14,754
13_BEVERAGES,23/08/14,1045
13_BEVERAGES,24/08/14,499
13_BEVERAGES,25/08/14,742
13_BEVERAGES,26/08/14,420
13_BEVERAGES,27/08/14,294
13_BEVERAGES,28/08/14,724
13_BEVERAGES,29/08/14,2501
13_BEVERAGES,30/08/14,1165
13_BEVERAGES,31/08/14,576
13_BEVERAGES,01/09/14,1667
13_BEVERAGES,02/09/14,1619
13_BEVERAGES,03/09/14,1295
13_BEVERAGES,04/09/14,1310
13_BEVERAGES,05/09/14,1336
13_BEVERAGES,06/09/14,2069
13_BEVERAGES,07/09/14,1348
13_BEVERAGES,08/09/14,1493
13_BEVERAGES,09/09/14,1220
13_BEVERAGES,10/09/14,1266
13_BEVERAGES,11/09/14,1112
13_BEVERAGES,12/09/14,991
13_BEVERAGES,13/09/14,1932
13_BEVERAGES,14/09/14,1549
13_BEVERAGES,15/09/14,1117
13_BEVERAGES,16/09/14,1151
13_BEVERAGES,17/09/14,1254
13_BEVERAGES,18/09/14,860
13_BEVERAGES,19/09/14,3564
13_BEVERAGES,20/09/14,1848
13_BEVERAGES,21/09/14,1357
13_BEVERAGES,22/09/14,1345
13_BEVERAGES,23/09/14,1057
13_BEVERAGES,24/09/14,984
13_BEVERAGES,25/09/14,1108
13_BEVERAGES,26/09/14,1022
13_BEVERAGES,27/09/14,1867
13_BEVERAGES,28/09/14,1480
13_BEVERAGES,29/09/14,1031
13_BEVERAGES,30/09/14,1373
13_BEVERAGES,01/10/14,1524
13_BEVERAGES,02/10/14,1449
13_BEVERAGES,03/10/14,3223
13_BEVERAGES,04/10/14,2356
13_BEVERAGES,05/10/14,1725
13_BEVERAGES,06/10/14,1419
13_BEVERAGES,07/10/14,1421
13_BEVERAGES,08/10/14,899
13_BEVERAGES,09/10/14,943
13_BEVERAGES,10/10/14,1230
13_BEVERAGES,11/10/14,1857
13_BEVERAGES,12/10/14,1559
13_BEVERAGES,13/10/14,1124
13_BEVERAGES,14/10/14,1216
13_BEVERAGES,15/10/14,1061
13_BEVERAGES,16/10/14,860
13_BEVERAGES,17/10/14,1169
13_BEVERAGES,18/10/14,2026
13_BEVERAGES,19/10/14,1584
13_BEVERAGES,20/10/14,3382
13_BEVERAGES,21/10/14,1318
13_BEVERAGES,22/10/14,1085
13_BEVERAGES,23/10/14,1091
13_BEVERAGES,24/10/14,1046
13_BEVERAGES,25/10/14,2301
13_BEVERAGES,26/10/14,1614
13_BEVERAGES,27/10/14,1217
13_BEVERAGES,28/10/14,971
13_BEVERAGES,29/10/14,1295
13_BEVERAGES,30/10/14,1290
13_BEVERAGES,31/10/14,1365
13_BEVERAGES,01/11/14,2303
13_BEVERAGES,02/11/14,1123
13_BEVERAGES,03/11/14,1870
13_BEVERAGES,04/11/14,2037
13_BEVERAGES,05/11/14,1796
13_BEVERAGES,06/11/14,3835
13_BEVERAGES,07/11/14,2102
13_BEVERAGES,08/11/14,1972
13_BEVERAGES,09/11/14,1855
13_BEVERAGES,10/11/14,1488
13_BEVERAGES,11/11/14,1223
13_BEVERAGES,12/11/14,1355
13_BEVERAGES,13/11/14,1058
13_BEVERAGES,14/11/14,1970
13_BEVERAGES,15/11/14,1912
13_BEVERAGES,16/11/14,1720
13_BEVERAGES,17/11/14,1372
13_BEVERAGES,18/11/14,1457
13_BEVERAGES,19/11/14,1273
13_BEVERAGES,20/11/14,1502
13_BEVERAGES,21/11/14,1514
13_BEVERAGES,22/11/14,2368
13_BEVERAGES,23/11/14,1859
13_BEVERAGES,24/11/14,1470
13_BEVERAGES,25/11/14,1245
13_BEVERAGES,26/11/14,1937
13_BEVERAGES,27/11/14,1333
13_BEVERAGES,28/11/14,1594
13_BEVERAGES,29/11/14,2247
13_BEVERAGES,30/11/14,1982
13_BEVERAGES,01/12/14,1666
13_BEVERAGES,02/12/14,1645
13_BEVERAGES,03/12/14,1664
13_BEVERAGES,04/12/14,1338
13_BEVERAGES,05/12/14,3704
13_BEVERAGES,06/12/14,2501
13_BEVERAGES,07/12/14,1823
13_BEVERAGES,08/12/14,1622
13_BEVERAGES,09/12/14,1447
13_BEVERAGES,10/12/14,1399
13_BEVERAGES,11/12/14,1501
13_BEVERAGES,12/12/14,2253
13_BEVERAGES,13/12/14,2159
13_BEVERAGES,14/12/14,2367
13_BEVERAGES,15/12/14,2684
13_BEVERAGES,16/12/14,2212
13_BEVERAGES,17/12/14,5102
13_BEVERAGES,18/12/14,1343
13_BEVERAGES,19/12/14,2103
13_BEVERAGES,20/12/14,2189
13_BEVERAGES,21/12/14,2043
13_BEVERAGES,22/12/14,2155
13_BEVERAGES,23/12/14,1714
13_BEVERAGES,24/12/14,2022
13_BEVERAGES,26/12/14,5185
13_BEVERAGES,27/12/14,1911
13_BEVERAGES,28/12/14,1417
13_BEVERAGES,29/12/14,1427
13_BEVERAGES,30/12/14,1839
13_BEVERAGES,31/12/14,1432
13_BEVERAGES,01/01/15,0
13_BEVERAGES,02/01/15,1272
13_BEVERAGES,03/01/15,1425
13_BEVERAGES,04/01/15,846
13_BEVERAGES,05/01/15,843
13_BEVERAGES,06/01/15,1591
13_BEVERAGES,07/01/15,680
13_BEVERAGES,08/01/15,798
13_BEVERAGES,09/01/15,712
13_BEVERAGES,10/01/15,1192
13_BEVERAGES,11/01/15,872
13_BEVERAGES,12/01/15,902
13_BEVERAGES,13/01/15,650
13_BEVERAGES,14/01/15,907
13_BEVERAGES,15/01/15,766
13_BEVERAGES,16/01/15,1030
13_BEVERAGES,17/01/15,1887
13_BEVERAGES,18/01/15,981
13_BEVERAGES,19/01/15,872
13_BEVERAGES,20/01/15,697
13_BEVERAGES,21/01/15,483
13_BEVERAGES,22/01/15,607
13_BEVERAGES,23/01/15,735
13_BEVERAGES,24/01/15,1144
13_BEVERAGES,25/01/15,869
13_BEVERAGES,26/01/15,959
13_BEVERAGES,27/01/15,640
13_BEVERAGES,28/01/15,530
13_BEVERAGES,29/01/15,620
13_BEVERAGES,30/01/15,739
13_BEVERAGES,31/01/15,1408
13_BEVERAGES,01/02/15,939
13_BEVERAGES,02/02/15,865
13_BEVERAGES,03/02/15,809
13_BEVERAGES,04/02/15,747
13_BEVERAGES,05/02/15,1034
13_BEVERAGES,06/02/15,820
13_BEVERAGES,07/02/15,1278
13_BEVERAGES,08/02/15,851
13_BEVERAGES,09/02/15,792
13_BEVERAGES,10/02/15,706
13_BEVERAGES,11/02/15,949
13_BEVERAGES,12/02/15,630
13_BEVERAGES,13/02/15,714
13_BEVERAGES,14/02/15,1316
13_BEVERAGES,15/02/15,737
13_BEVERAGES,16/02/15,663
13_BEVERAGES,17/02/15,729
13_BEVERAGES,18/02/15,945
13_BEVERAGES,19/02/15,632
13_BEVERAGES,20/02/15,952
13_BEVERAGES,21/02/15,1412
13_BEVERAGES,22/02/15,1096
13_BEVERAGES,23/02/15,1151
13_BEVERAGES,24/02/15,866
13_BEVERAGES,25/02/15,742
13_BEVERAGES,26/02/15,774
13_BEVERAGES,27/02/15,998
13_BEVERAGES,28/02/15,1395
13_BEVERAGES,01/03/15,1387
13_BEVERAGES,02/03/15,824
13_BEVERAGES,03/03/15,958
13_BEVERAGES,04/03/15,624
13_BEVERAGES,05/03/15,881
13_BEVERAGES,06/03/15,848
13_BEVERAGES,07/03/15,1267
13_BEVERAGES,08/03/15,1017
13_BEVERAGES,09/03/15,883
13_BEVERAGES,10/03/15,836
13_BEVERAGES,11/03/15,557
13_BEVERAGES,12/03/15,596
13_BEVERAGES,13/03/15,803
13_BEVERAGES,14/03/15,1202
13_BEVERAGES,15/03/15,956
13_BEVERAGES,16/03/15,728
13_BEVERAGES,17/03/15,826
13_BEVERAGES,18/03/15,583
13_BEVERAGES,19/03/15,699
13_BEVERAGES,20/03/15,1602
13_BEVERAGES,21/03/15,1094
13_BEVERAGES,22/03/15,805
13_BEVERAGES,23/03/15,825
13_BEVERAGES,24/03/15,774
13_BEVERAGES,25/03/15,632
13_BEVERAGES,26/03/15,1021
13_BEVERAGES,27/03/15,796
13_BEVERAGES,28/03/15,1174
13_BEVERAGES,29/03/15,867
13_BEVERAGES,30/03/15,1223
13_BEVERAGES,31/03/15,1106
13_BEVERAGES,01/04/15,1186
13_BEVERAGES,02/04/15,1218
13_BEVERAGES,03/04/15,991
13_BEVERAGES,04/04/15,1956
13_BEVERAGES,05/04/15,1463
13_BEVERAGES,06/04/15,1632
13_BEVERAGES,07/04/15,1185
13_BEVERAGES,08/04/15,1129
13_BEVERAGES,09/04/15,981
13_BEVERAGES,10/04/15,1342
13_BEVERAGES,11/04/15,2042
13_BEVERAGES,12/04/15,1445
13_BEVERAGES,13/04/15,1527
13_BEVERAGES,14/04/15,1231
13_BEVERAGES,15/04/15,1145
13_BEVERAGES,16/04/15,993
13_BEVERAGES,17/04/15,1199
13_BEVERAGES,18/04/15,2002
13_BEVERAGES,19/04/15,1423
13_BEVERAGES,20/04/15,1073
13_BEVERAGES,21/04/15,1159
13_BEVERAGES,22/04/15,1171
13_BEVERAGES,23/04/15,1085
13_BEVERAGES,24/04/15,1209
13_BEVERAGES,25/04/15,1897
13_BEVERAGES,26/04/15,1117
13_BEVERAGES,27/04/15,1111
13_BEVERAGES,28/04/15,878
13_BEVERAGES,29/04/15,733
13_BEVERAGES,30/04/15,914
13_BEVERAGES,01/05/15,1432
13_BEVERAGES,02/05/15,1757
13_BEVERAGES,03/05/15,1786
13_BEVERAGES,04/05/15,960
13_BEVERAGES,05/05/15,1343
13_BEVERAGES,06/05/15,1014
13_BEVERAGES,07/05/15,1151
13_BEVERAGES,08/05/15,1023
13_BEVERAGES,09/05/15,1891
13_BEVERAGES,10/05/15,1358
13_BEVERAGES,11/05/15,1266
13_BEVERAGES,12/05/15,1414
13_BEVERAGES,13/05/15,1090
13_BEVERAGES,14/05/15,1246
13_BEVERAGES,15/05/15,1430
13_BEVERAGES,16/05/15,2059
13_BEVERAGES,17/05/15,2074
13_BEVERAGES,18/05/15,1347
13_BEVERAGES,19/05/15,1356
13_BEVERAGES,20/05/15,1359
13_BEVERAGES,21/05/15,1250
13_BEVERAGES,22/05/15,1232
13_BEVERAGES,23/05/15,2224
13_BEVERAGES,24/05/15,1687
13_BEVERAGES,25/05/15,2037
13_BEVERAGES,26/05/15,2002
13_BEVERAGES,27/05/15,2441
13_BEVERAGES,28/05/15,1711
13_BEVERAGES,29/05/15,1551
13_BEVERAGES,30/05/15,2233
13_BEVERAGES,31/05/15,1867
13_BEVERAGES,01/06/15,1821
13_BEVERAGES,02/06/15,1675
13_BEVERAGES,03/06/15,1063
13_BEVERAGES,04/06/15,1539
13_BEVERAGES,05/06/15,1244
13_BEVERAGES,06/06/15,2310
13_BEVERAGES,07/06/15,2013
13_BEVERAGES,08/06/15,1738
13_BEVERAGES,09/06/15,1302
13_BEVERAGES,10/06/15,1313
13_BEVERAGES,11/06/15,1456
13_BEVERAGES,12/06/15,1348
13_BEVERAGES,13/06/15,2073
13_BEVERAGES,14/06/15,1647
13_BEVERAGES,15/06/15,1804
13_BEVERAGES,16/06/15,1343
13_BEVERAGES,17/06/15,1241
13_BEVERAGES,18/06/15,1208
13_BEVERAGES,19/06/15,1408
13_BEVERAGES,20/06/15,2009
13_BEVERAGES,21/06/15,1740
13_BEVERAGES,22/06/15,1547
13_BEVERAGES,23/06/15,1356
13_BEVERAGES,24/06/15,1251
13_BEVERAGES,25/06/15,1142
13_BEVERAGES,26/06/15,1319
13_BEVERAGES,27/06/15,1787
13_BEVERAGES,28/06/15,1600
13_BEVERAGES,29/06/15,1655
13_BEVERAGES,30/06/15,1589
13_BEVERAGES,01/07/15,1544
13_BEVERAGES,02/07/15,1549
13_BEVERAGES,03/07/15,1541
13_BEVERAGES,04/07/15,2494
13_BEVERAGES,05/07/15,1512
13_BEVERAGES,06/07/15,1964
13_BEVERAGES,07/07/15,1736
13_BEVERAGES,08/07/15,1012
13_BEVERAGES,09/07/15,1149
13_BEVERAGES,10/07/15,1453
13_BEVERAGES,11/07/15,2483
13_BEVERAGES,12/07/15,1255
13_BEVERAGES,13/07/15,1375
13_BEVERAGES,14/07/15,1195
13_BEVERAGES,15/07/15,1130
13_BEVERAGES,16/07/15,1412
13_BEVERAGES,17/07/15,1126
13_BEVERAGES,18/07/15,1764
13_BEVERAGES,19/07/15,1268
13_BEVERAGES,20/07/15,1464
13_BEVERAGES,21/07/15,1089
13_BEVERAGES,22/07/15,1796
13_BEVERAGES,23/07/15,1096
13_BEVERAGES,24/07/15,1261
13_BEVERAGES,25/07/15,2052
13_BEVERAGES,26/07/15,1168
13_BEVERAGES,27/07/15,1435
13_BEVERAGES,28/07/15,1125
13_BEVERAGES,29/07/15,1125
13_BEVERAGES,30/07/15,1023
13_BEVERAGES,31/07/15,1412
13_BEVERAGES,01/08/15,2025
13_BEVERAGES,02/08/15,1562
13_BEVERAGES,03/08/15,1412
13_BEVERAGES,04/08/15,1699
13_BEVERAGES,05/08/15,1292
13_BEVERAGES,06/08/15,1151
13_BEVERAGES,07/08/15,1262
13_BEVERAGES,08/08/15,2142
13_BEVERAGES,09/08/15,1153
13_BEVERAGES,10/08/15,1431
13_BEVERAGES,11/08/15,1234
13_BEVERAGES,12/08/15,1245
13_BEVERAGES,13/08/15,999
13_BEVERAGES,14/08/15,2830
13_BEVERAGES,15/08/15,2737
13_BEVERAGES,16/08/15,1492
13_BEVERAGES,17/08/15,1682
13_BEVERAGES,18/08/15,1687
13_BEVERAGES,19/08/15,1165
13_BEVERAGES,20/08/15,1272
13_BEVERAGES,21/08/15,1122
13_BEVERAGES,22/08/15,2492
13_BEVERAGES,23/08/15,1104
13_BEVERAGES,24/08/15,1351
13_BEVERAGES,25/08/15,1058
13_BEVERAGES,26/08/15,1190
13_BEVERAGES,27/08/15,969
13_BEVERAGES,28/08/15,1099
13_BEVERAGES,29/08/15,2090
13_BEVERAGES,30/08/15,1295
13_BEVERAGES,31/08/15,1562
13_BEVERAGES,01/09/15,2282
13_BEVERAGES,02/09/15,1566
13_BEVERAGES,03/09/15,1799
13_BEVERAGES,04/09/15,1604
13_BEVERAGES,05/09/15,2791
13_BEVERAGES,06/09/15,2071
13_BEVERAGES,07/09/15,2273
13_BEVERAGES,08/09/15,1736
13_BEVERAGES,09/09/15,1454
13_BEVERAGES,10/09/15,1444
13_BEVERAGES,11/09/15,1441
13_BEVERAGES,12/09/15,2616
13_BEVERAGES,13/09/15,2116
13_BEVERAGES,14/09/15,2690
13_BEVERAGES,15/09/15,1644
13_BEVERAGES,16/09/15,1634
13_BEVERAGES,17/09/15,1313
13_BEVERAGES,18/09/15,1289
13_BEVERAGES,19/09/15,2253
13_BEVERAGES,20/09/15,1917
13_BEVERAGES,21/09/15,1680
13_BEVERAGES,22/09/15,1586
13_BEVERAGES,23/09/15,1278
13_BEVERAGES,24/09/15,1184
13_BEVERAGES,25/09/15,1481
13_BEVERAGES,26/09/15,2337
13_BEVERAGES,27/09/15,1952
13_BEVERAGES,28/09/15,1591
13_BEVERAGES,29/09/15,1408
13_BEVERAGES,30/09/15,1517
13_BEVERAGES,01/10/15,1935
13_BEVERAGES,02/10/15,1803
13_BEVERAGES,03/10/15,2794
13_BEVERAGES,04/10/15,2075
13_BEVERAGES,05/10/15,2421
13_BEVERAGES,06/10/15,1995
13_BEVERAGES,07/10/15,1359
13_BEVERAGES,08/10/15,1330
13_BEVERAGES,09/10/15,1460
13_BEVERAGES,10/10/15,2427
13_BEVERAGES,11/10/15,2332
13_BEVERAGES,12/10/15,1508
13_BEVERAGES,13/10/15,1169
13_BEVERAGES,14/10/15,1756
13_BEVERAGES,15/10/15,1057
13_BEVERAGES,16/10/15,959
13_BEVERAGES,17/10/15,2276
13_BEVERAGES,18/10/15,1780
13_BEVERAGES,19/10/15,1526
13_BEVERAGES,20/10/15,1418
13_BEVERAGES,21/10/15,1295
13_BEVERAGES,22/10/15,1152
13_BEVERAGES,23/10/15,1325
13_BEVERAGES,24/10/15,2356
13_BEVERAGES,25/10/15,1726
13_BEVERAGES,26/10/15,1706
13_BEVERAGES,27/10/15,1211
13_BEVERAGES,28/10/15,1153
13_BEVERAGES,29/10/15,1416
13_BEVERAGES,30/10/15,1309
13_BEVERAGES,31/10/15,2245
13_BEVERAGES,01/11/15,1329
13_BEVERAGES,02/11/15,1366
13_BEVERAGES,03/11/15,2424
13_BEVERAGES,04/11/15,2316
13_BEVERAGES,05/11/15,1416
13_BEVERAGES,06/11/15,1197
13_BEVERAGES,07/11/15,2149
13_BEVERAGES,08/11/15,2260
13_BEVERAGES,09/11/15,1545
13_BEVERAGES,10/11/15,1540
13_BEVERAGES,11/11/15,800
13_BEVERAGES,12/11/15,1073
13_BEVERAGES,13/11/15,1679
13_BEVERAGES,14/11/15,1941
13_BEVERAGES,15/11/15,1761
13_BEVERAGES,16/11/15,1828
13_BEVERAGES,17/11/15,1330
13_BEVERAGES,18/11/15,1341
13_BEVERAGES,19/11/15,1330
13_BEVERAGES,20/11/15,1175
13_BEVERAGES,21/11/15,2170
13_BEVERAGES,22/11/15,1812
13_BEVERAGES,23/11/15,1314
13_BEVERAGES,24/11/15,1439
13_BEVERAGES,25/11/15,1064
13_BEVERAGES,26/11/15,1568
13_BEVERAGES,27/11/15,1232
13_BEVERAGES,28/11/15,2104
13_BEVERAGES,29/11/15,2198
13_BEVERAGES,30/11/15,1408
13_BEVERAGES,01/12/15,1795
13_BEVERAGES,02/12/15,1580
13_BEVERAGES,03/12/15,1330
13_BEVERAGES,04/12/15,1409
13_BEVERAGES,05/12/15,2451
13_BEVERAGES,06/12/15,2173
13_BEVERAGES,07/12/15,1714
13_BEVERAGES,08/12/15,1425
13_BEVERAGES,09/12/15,1595
13_BEVERAGES,10/12/15,1270
13_BEVERAGES,11/12/15,1532
13_BEVERAGES,12/12/15,2363
13_BEVERAGES,13/12/15,2318
13_BEVERAGES,14/12/15,1265
13_BEVERAGES,15/12/15,1690
13_BEVERAGES,16/12/15,1262
13_BEVERAGES,17/12/15,1787
13_BEVERAGES,18/12/15,1968
13_BEVERAGES,19/12/15,2317
13_BEVERAGES,20/12/15,2031
13_BEVERAGES,21/12/15,1919
13_BEVERAGES,22/12/15,2078
13_BEVERAGES,23/12/15,1608
13_BEVERAGES,24/12/15,1707
13_BEVERAGES,26/12/15,2587
13_BEVERAGES,27/12/15,1505
13_BEVERAGES,28/12/15,1270
13_BEVERAGES,29/12/15,1851
13_BEVERAGES,30/12/15,1722
13_BEVERAGES,31/12/15,1590
13_BEVERAGES,01/01/16,0
13_BEVERAGES,02/01/16,3660
13_BEVERAGES,03/01/16,2584
13_BEVERAGES,04/01/16,1773
13_BEVERAGES,05/01/16,2419
13_BEVERAGES,06/01/16,2032
13_BEVERAGES,07/01/16,1866
13_BEVERAGES,08/01/16,1664
13_BEVERAGES,09/01/16,2768
13_BEVERAGES,10/01/16,2637
13_BEVERAGES,11/01/16,1745
13_BEVERAGES,12/01/16,1990
13_BEVERAGES,13/01/16,1551
13_BEVERAGES,14/01/16,1982
13_BEVERAGES,15/01/16,1663
13_BEVERAGES,16/01/16,2420
13_BEVERAGES,17/01/16,2361
13_BEVERAGES,18/01/16,1805
13_BEVERAGES,19/01/16,1561
13_BEVERAGES,20/01/16,1377
13_BEVERAGES,21/01/16,1456
13_BEVERAGES,22/01/16,1200
13_BEVERAGES,23/01/16,2513
13_BEVERAGES,24/01/16,2308
13_BEVERAGES,25/01/16,1533
13_BEVERAGES,26/01/16,1373
13_BEVERAGES,27/01/16,1165
13_BEVERAGES,28/01/16,1485
13_BEVERAGES,29/01/16,1279
13_BEVERAGES,30/01/16,2706
13_BEVERAGES,31/01/16,2160
13_BEVERAGES,01/02/16,2118
13_BEVERAGES,02/02/16,1988
13_BEVERAGES,03/02/16,1657
13_BEVERAGES,04/02/16,1476
13_BEVERAGES,05/02/16,1444
13_BEVERAGES,06/02/16,1867
13_BEVERAGES,07/02/16,1472
13_BEVERAGES,08/02/16,1422
13_BEVERAGES,09/02/16,1148
13_BEVERAGES,10/02/16,2335
13_BEVERAGES,11/02/16,1141
13_BEVERAGES,12/02/16,1475
13_BEVERAGES,13/02/16,2454
13_BEVERAGES,14/02/16,1641
13_BEVERAGES,15/02/16,1722
13_BEVERAGES,16/02/16,1691
13_BEVERAGES,17/02/16,1411
13_BEVERAGES,18/02/16,1311
13_BEVERAGES,19/02/16,1119
13_BEVERAGES,20/02/16,2262
13_BEVERAGES,21/02/16,1952
13_BEVERAGES,22/02/16,1644
13_BEVERAGES,23/02/16,1529
13_BEVERAGES,24/02/16,1230
13_BEVERAGES,25/02/16,2103
13_BEVERAGES,26/02/16,1122
13_BEVERAGES,27/02/16,2748
13_BEVERAGES,28/02/16,1783
13_BEVERAGES,29/02/16,1569
13_BEVERAGES,01/03/16,2100
13_BEVERAGES,02/03/16,1560
13_BEVERAGES,03/03/16,1633
13_BEVERAGES,04/03/16,1408
13_BEVERAGES,05/03/16,2467
13_BEVERAGES,06/03/16,2328
13_BEVERAGES,07/03/16,1820
13_BEVERAGES,08/03/16,1626
13_BEVERAGES,09/03/16,1387
13_BEVERAGES,10/03/16,1162
13_BEVERAGES,11/03/16,1276
13_BEVERAGES,12/03/16,2172
13_BEVERAGES,13/03/16,1832
13_BEVERAGES,14/03/16,1534
13_BEVERAGES,15/03/16,1498
13_BEVERAGES,16/03/16,1342
13_BEVERAGES,17/03/16,1338
13_BEVERAGES,18/03/16,1483
13_BEVERAGES,19/03/16,2190
13_BEVERAGES,20/03/16,1643
13_BEVERAGES,21/03/16,1432
13_BEVERAGES,22/03/16,1488
13_BEVERAGES,23/03/16,1291
13_BEVERAGES,24/03/16,1709
13_BEVERAGES,25/03/16,1311
13_BEVERAGES,26/03/16,2338
13_BEVERAGES,27/03/16,1453
13_BEVERAGES,28/03/16,1743
13_BEVERAGES,29/03/16,1430
13_BEVERAGES,30/03/16,960
13_BEVERAGES,31/03/16,1100
13_BEVERAGES,01/04/16,2249
13_BEVERAGES,02/04/16,2429
13_BEVERAGES,03/04/16,2087
13_BEVERAGES,04/04/16,1612
13_BEVERAGES,05/04/16,1904
13_BEVERAGES,06/04/16,1408
13_BEVERAGES,07/04/16,1461
13_BEVERAGES,08/04/16,1352
13_BEVERAGES,09/04/16,2420
13_BEVERAGES,10/04/16,1822
13_BEVERAGES,11/04/16,1676
13_BEVERAGES,12/04/16,1353
13_BEVERAGES,13/04/16,1313
13_BEVERAGES,14/04/16,1336
13_BEVERAGES,15/04/16,1314
13_BEVERAGES,16/04/16,1953
13_BEVERAGES,17/04/16,2272
13_BEVERAGES,18/04/16,2153
13_BEVERAGES,19/04/16,1676
13_BEVERAGES,20/04/16,1335
13_BEVERAGES,21/04/16,1463
13_BEVERAGES,22/04/16,1581
13_BEVERAGES,23/04/16,2247
13_BEVERAGES,24/04/16,1918
13_BEVERAGES,25/04/16,1514
13_BEVERAGES,26/04/16,1277
13_BEVERAGES,27/04/16,1441
13_BEVERAGES,28/04/16,1129
13_BEVERAGES,29/04/16,1355
13_BEVERAGES,30/04/16,2450
13_BEVERAGES,01/05/16,2179
13_BEVERAGES,02/05/16,2342
13_BEVERAGES,03/05/16,1377
13_BEVERAGES,04/05/16,2354
13_BEVERAGES,05/05/16,1645
13_BEVERAGES,06/05/16,1793
13_BEVERAGES,07/05/16,2265
13_BEVERAGES,08/05/16,1830
13_BEVERAGES,09/05/16,1784
13_BEVERAGES,10/05/16,1449
13_BEVERAGES,11/05/16,1369
13_BEVERAGES,12/05/16,1248
13_BEVERAGES,13/05/16,1409
13_BEVERAGES,14/05/16,2264
13_BEVERAGES,15/05/16,1744
13_BEVERAGES,16/05/16,1338
13_BEVERAGES,17/05/16,1342
13_BEVERAGES,18/05/16,1141
13_BEVERAGES,19/05/16,1112
13_BEVERAGES,20/05/16,1302
13_BEVERAGES,21/05/16,1914
13_BEVERAGES,22/05/16,1712
13_BEVERAGES,23/05/16,1313
13_BEVERAGES,24/05/16,1266
13_BEVERAGES,25/05/16,1016
13_BEVERAGES,26/05/16,949
13_BEVERAGES,27/05/16,1298
13_BEVERAGES,28/05/16,1772
13_BEVERAGES,29/05/16,1339
13_BEVERAGES,30/05/16,1470
13_BEVERAGES,31/05/16,1704
13_BEVERAGES,01/06/16,1152
13_BEVERAGES,02/06/16,1237
13_BEVERAGES,03/06/16,1037
13_BEVERAGES,04/06/16,1787
13_BEVERAGES,05/06/16,1559
13_BEVERAGES,06/06/16,1264
13_BEVERAGES,07/06/16,1046
13_BEVERAGES,08/06/16,945
13_BEVERAGES,09/06/16,1096
13_BEVERAGES,10/06/16,946
13_BEVERAGES,11/06/16,1493
13_BEVERAGES,12/06/16,1287
13_BEVERAGES,13/06/16,1123
13_BEVERAGES,14/06/16,1136
13_BEVERAGES,15/06/16,956
13_BEVERAGES,16/06/16,1001
13_BEVERAGES,17/06/16,1028
13_BEVERAGES,18/06/16,1457
13_BEVERAGES,19/06/16,1269
13_BEVERAGES,20/06/16,1719
13_BEVERAGES,21/06/16,1294
13_BEVERAGES,22/06/16,936
13_BEVERAGES,23/06/16,923
13_BEVERAGES,24/06/16,1103
13_BEVERAGES,25/06/16,1689
13_BEVERAGES,26/06/16,1269
13_BEVERAGES,27/06/16,1228
13_BEVERAGES,28/06/16,1138
13_BEVERAGES,29/06/16,835
13_BEVERAGES,30/06/16,805
13_BEVERAGES,01/07/16,1356
13_BEVERAGES,02/07/16,1963
13_BEVERAGES,03/07/16,1314
13_BEVERAGES,04/07/16,1558
13_BEVERAGES,05/07/16,1356
13_BEVERAGES,06/07/16,1125
13_BEVERAGES,07/07/16,857
13_BEVERAGES,08/07/16,1053
13_BEVERAGES,09/07/16,1664
13_BEVERAGES,10/07/16,1386
13_BEVERAGES,11/07/16,1309
13_BEVERAGES,12/07/16,1194
13_BEVERAGES,13/07/16,1003
13_BEVERAGES,14/07/16,989
13_BEVERAGES,15/07/16,1183
13_BEVERAGES,16/07/16,1609
13_BEVERAGES,17/07/16,1048
13_BEVERAGES,18/07/16,1201
13_BEVERAGES,19/07/16,1054
13_BEVERAGES,20/07/16,883
13_BEVERAGES,21/07/16,771
13_BEVERAGES,22/07/16,1112
13_BEVERAGES,23/07/16,1842
13_BEVERAGES,24/07/16,1289
13_BEVERAGES,25/07/16,1149
13_BEVERAGES,26/07/16,1349
13_BEVERAGES,27/07/16,939
13_BEVERAGES,28/07/16,782
13_BEVERAGES,29/07/16,1150
13_BEVERAGES,30/07/16,2003
13_BEVERAGES,31/07/16,1505
13_BEVERAGES,01/08/16,1383
13_BEVERAGES,02/08/16,1282
13_BEVERAGES,03/08/16,1369
13_BEVERAGES,04/08/16,1383
13_BEVERAGES,05/08/16,1290
13_BEVERAGES,06/08/16,1874
13_BEVERAGES,07/08/16,1480
13_BEVERAGES,08/08/16,1273
13_BEVERAGES,09/08/16,1480
13_BEVERAGES,10/08/16,1373
13_BEVERAGES,11/08/16,1262
13_BEVERAGES,12/08/16,1163
13_BEVERAGES,13/08/16,1710
13_BEVERAGES,14/08/16,1229
13_BEVERAGES,15/08/16,1671
13_BEVERAGES,16/08/16,1313
13_BEVERAGES,17/08/16,1071
13_BEVERAGES,18/08/16,1035
13_BEVERAGES,19/08/16,1293
13_BEVERAGES,20/08/16,1635
13_BEVERAGES,21/08/16,1239
13_BEVERAGES,22/08/16,1186
13_BEVERAGES,23/08/16,1358
13_BEVERAGES,24/08/16,1129
13_BEVERAGES,25/08/16,1022
13_BEVERAGES,26/08/16,1331
13_BEVERAGES,27/08/16,1846
13_BEVERAGES,28/08/16,1069
13_BEVERAGES,29/08/16,1457
13_BEVERAGES,30/08/16,1062
13_BEVERAGES,31/08/16,1205
13_BEVERAGES,01/09/16,1377
13_BEVERAGES,02/09/16,1733
13_BEVERAGES,03/09/16,3007
13_BEVERAGES,04/09/16,2012
13_BEVERAGES,05/09/16,1831
13_BEVERAGES,06/09/16,1519
13_BEVERAGES,07/09/16,1571
13_BEVERAGES,08/09/16,1517
13_BEVERAGES,09/09/16,1294
13_BEVERAGES,10/09/16,2253
13_BEVERAGES,11/09/16,1560
13_BEVERAGES,12/09/16,1753
13_BEVERAGES,13/09/16,1404
13_BEVERAGES,14/09/16,988
13_BEVERAGES,15/09/16,1234
13_BEVERAGES,16/09/16,1052
13_BEVERAGES,17/09/16,2004
13_BEVERAGES,18/09/16,1808
13_BEVERAGES,19/09/16,1205
13_BEVERAGES,20/09/16,1154
13_BEVERAGES,21/09/16,1144
13_BEVERAGES,22/09/16,1212
13_BEVERAGES,23/09/16,1095
13_BEVERAGES,24/09/16,2097
13_BEVERAGES,25/09/16,1826
13_BEVERAGES,26/09/16,1599
13_BEVERAGES,27/09/16,1131
13_BEVERAGES,28/09/16,1018
13_BEVERAGES,29/09/16,1482
13_BEVERAGES,30/09/16,1554
13_BEVERAGES,01/10/16,2943
13_BEVERAGES,02/10/16,1623
13_BEVERAGES,03/10/16,1742
13_BEVERAGES,04/10/16,2035
13_BEVERAGES,05/10/16,1288
13_BEVERAGES,06/10/16,1389
13_BEVERAGES,07/10/16,1428
13_BEVERAGES,08/10/16,2174
13_BEVERAGES,09/10/16,1703
13_BEVERAGES,10/10/16,2329
13_BEVERAGES,11/10/16,1269
13_BEVERAGES,12/10/16,1269
13_BEVERAGES,13/10/16,1273
13_BEVERAGES,14/10/16,1386
13_BEVERAGES,15/10/16,1901
13_BEVERAGES,16/10/16,1973
13_BEVERAGES,17/10/16,1808
13_BEVERAGES,18/10/16,1355
13_BEVERAGES,19/10/16,1435
13_BEVERAGES,20/10/16,1242
13_BEVERAGES,21/10/16,1623
13_BEVERAGES,22/10/16,2041
13_BEVERAGES,23/10/16,1574
13_BEVERAGES,24/10/16,1488
13_BEVERAGES,25/10/16,1441
13_BEVERAGES,26/10/16,1196
13_BEVERAGES,27/10/16,1375
13_BEVERAGES,28/10/16,1128
13_BEVERAGES,29/10/16,1881
13_BEVERAGES,30/10/16,1475
13_BEVERAGES,31/10/16,1219
13_BEVERAGES,01/11/16,1887
13_BEVERAGES,02/11/16,1468
13_BEVERAGES,03/11/16,1609
13_BEVERAGES,04/11/16,2414
13_BEVERAGES,05/11/16,1725
13_BEVERAGES,06/11/16,2302
13_BEVERAGES,07/11/16,1842
13_BEVERAGES,08/11/16,1575
13_BEVERAGES,09/11/16,1708
13_BEVERAGES,10/11/16,1433
13_BEVERAGES,11/11/16,1569
13_BEVERAGES,12/11/16,2132
13_BEVERAGES,13/11/16,1750
13_BEVERAGES,14/11/16,1684
13_BEVERAGES,15/11/16,1368
13_BEVERAGES,16/11/16,1663
13_BEVERAGES,17/11/16,1327
13_BEVERAGES,18/11/16,1376
13_BEVERAGES,19/11/16,2224
13_BEVERAGES,20/11/16,2298
13_BEVERAGES,21/11/16,1814
13_BEVERAGES,22/11/16,1959
13_BEVERAGES,23/11/16,1362
13_BEVERAGES,24/11/16,1279
13_BEVERAGES,25/11/16,1351
13_BEVERAGES,26/11/16,2516
13_BEVERAGES,27/11/16,1933
13_BEVERAGES,28/11/16,1591
13_BEVERAGES,29/11/16,1484
13_BEVERAGES,30/11/16,1440
13_BEVERAGES,01/12/16,1515
13_BEVERAGES,02/12/16,1877
13_BEVERAGES,03/12/16,2485
13_BEVERAGES,04/12/16,2192
13_BEVERAGES,05/12/16,1895
13_BEVERAGES,06/12/16,1875
13_BEVERAGES,07/12/16,1671
13_BEVERAGES,08/12/16,1170
13_BEVERAGES,09/12/16,1611
13_BEVERAGES,10/12/16,2291
13_BEVERAGES,11/12/16,1781
13_BEVERAGES,12/12/16,1585
13_BEVERAGES,13/12/16,1536
13_BEVERAGES,14/12/16,1661
13_BEVERAGES,15/12/16,1576
13_BEVERAGES,16/12/16,1866
13_BEVERAGES,17/12/16,1854
13_BEVERAGES,18/12/16,1686
13_BEVERAGES,19/12/16,1755
13_BEVERAGES,20/12/16,1323
13_BEVERAGES,21/12/16,2309
13_BEVERAGES,22/12/16,2089
13_BEVERAGES,23/12/16,2033
13_BEVERAGES,24/12/16,1991
13_BEVERAGES,26/12/16,1575
13_BEVERAGES,27/12/16,1792
13_BEVERAGES,28/12/16,1764
13_BEVERAGES,29/12/16,1609
13_BEVERAGES,30/12/16,1766
13_BEVERAGES,31/12/16,2002
13_BEVERAGES,01/01/17,0
13_BEVERAGES,02/01/17,2215
13_BEVERAGES,03/01/17,1975
13_BEVERAGES,04/01/17,1692
13_BEVERAGES,05/01/17,1519
13_BEVERAGES,06/01/17,1380
13_BEVERAGES,07/01/17,2126
13_BEVERAGES,08/01/17,1703
13_BEVERAGES,09/01/17,1741
13_BEVERAGES,10/01/17,1633
13_BEVERAGES,11/01/17,1387
13_BEVERAGES,12/01/17,1092
13_BEVERAGES,13/01/17,1069
13_BEVERAGES,14/01/17,2114
13_BEVERAGES,15/01/17,1683
13_BEVERAGES,16/01/17,1983
13_BEVERAGES,17/01/17,1646
13_BEVERAGES,18/01/17,1344
13_BEVERAGES,19/01/17,1398
13_BEVERAGES,20/01/17,1340
13_BEVERAGES,21/01/17,1878
13_BEVERAGES,22/01/17,2385
13_BEVERAGES,23/01/17,2028
13_BEVERAGES,24/01/17,1464
13_BEVERAGES,25/01/17,1240
13_BEVERAGES,26/01/17,1102
13_BEVERAGES,27/01/17,1661
13_BEVERAGES,28/01/17,2211
13_BEVERAGES,29/01/17,1743
13_BEVERAGES,30/01/17,1531
13_BEVERAGES,31/01/17,1458
13_BEVERAGES,01/02/17,1381
13_BEVERAGES,02/02/17,1323
13_BEVERAGES,03/02/17,1770
13_BEVERAGES,04/02/17,2703
13_BEVERAGES,05/02/17,1825
13_BEVERAGES,06/02/17,1358
13_BEVERAGES,07/02/17,1468
13_BEVERAGES,08/02/17,1202
13_BEVERAGES,09/02/17,1016
13_BEVERAGES,10/02/17,1677
13_BEVERAGES,11/02/17,2277
13_BEVERAGES,12/02/17,1782
13_BEVERAGES,13/02/17,1783
13_BEVERAGES,14/02/17,1232
13_BEVERAGES,15/02/17,1325
13_BEVERAGES,16/02/17,1272
13_BEVERAGES,17/02/17,1208
13_BEVERAGES,18/02/17,2170
13_BEVERAGES,19/02/17,1283
13_BEVERAGES,20/02/17,1753
13_BEVERAGES,21/02/17,1332
13_BEVERAGES,22/02/17,1534
13_BEVERAGES,23/02/17,2123
13_BEVERAGES,24/02/17,1509
13_BEVERAGES,25/02/17,2061
13_BEVERAGES,26/02/17,1465
13_BEVERAGES,27/02/17,1284
13_BEVERAGES,28/02/17,1703
13_BEVERAGES,01/03/17,1565
13_BEVERAGES,02/03/17,2269
13_BEVERAGES,03/03/17,1577
13_BEVERAGES,04/03/17,2305
13_BEVERAGES,05/03/17,2204
13_BEVERAGES,06/03/17,1552
13_BEVERAGES,07/03/17,1576
13_BEVERAGES,08/03/17,1136
13_BEVERAGES,09/03/17,1261
13_BEVERAGES,10/03/17,1238
13_BEVERAGES,11/03/17,2315
13_BEVERAGES,12/03/17,1831
13_BEVERAGES,13/03/17,1414
13_BEVERAGES,14/03/17,1245
13_BEVERAGES,15/03/17,1380
13_BEVERAGES,16/03/17,1249
13_BEVERAGES,17/03/17,999
13_BEVERAGES,18/03/17,2039
13_BEVERAGES,19/03/17,1638
13_BEVERAGES,20/03/17,1504
13_BEVERAGES,21/03/17,1375
13_BEVERAGES,22/03/17,917
13_BEVERAGES,23/03/17,1233
13_BEVERAGES,24/03/17,1371
13_BEVERAGES,25/03/17,2015
13_BEVERAGES,26/03/17,1491
13_BEVERAGES,27/03/17,1516
13_BEVERAGES,28/03/17,1375
13_BEVERAGES,29/03/17,1536
13_BEVERAGES,30/03/17,1050
13_BEVERAGES,31/03/17,1376
13_BEVERAGES,01/04/17,2637
13_BEVERAGES,02/04/17,1817
13_BEVERAGES,03/04/17,2455
13_BEVERAGES,04/04/17,1684
13_BEVERAGES,05/04/17,1541
13_BEVERAGES,06/04/17,1486
13_BEVERAGES,07/04/17,1749
13_BEVERAGES,08/04/17,2053
13_BEVERAGES,09/04/17,1722
13_BEVERAGES,10/04/17,1685
13_BEVERAGES,11/04/17,2002
13_BEVERAGES,12/04/17,1569
13_BEVERAGES,13/04/17,1527
13_BEVERAGES,14/04/17,1375
13_BEVERAGES,15/04/17,2183
13_BEVERAGES,16/04/17,1591
13_BEVERAGES,17/04/17,1897
13_BEVERAGES,18/04/17,1555
13_BEVERAGES,19/04/17,1369
13_BEVERAGES,20/04/17,1455
13_BEVERAGES,21/04/17,1828
13_BEVERAGES,22/04/17,2171
13_BEVERAGES,23/04/17,2279
13_BEVERAGES,24/04/17,1822
13_BEVERAGES,25/04/17,1412
13_BEVERAGES,26/04/17,1493
13_BEVERAGES,27/04/17,1102
13_BEVERAGES,28/04/17,1988
13_BEVERAGES,29/04/17,2630
13_BEVERAGES,30/04/17,1705
13_BEVERAGES,01/05/17,2049
13_BEVERAGES,02/05/17,2023
13_BEVERAGES,03/05/17,1526
13_BEVERAGES,04/05/17,1287
13_BEVERAGES,05/05/17,1024
13_BEVERAGES,06/05/17,1878
13_BEVERAGES,07/05/17,1767
13_BEVERAGES,08/05/17,1329
13_BEVERAGES,09/05/17,1259
13_BEVERAGES,10/05/17,1135
13_BEVERAGES,11/05/17,1203
13_BEVERAGES,12/05/17,1248
13_BEVERAGES,13/05/17,1612
13_BEVERAGES,14/05/17,1675
13_BEVERAGES,15/05/17,1394
13_BEVERAGES,16/05/17,1551
13_BEVERAGES,17/05/17,1393
13_BEVERAGES,18/05/17,1307
13_BEVERAGES,19/05/17,1350
13_BEVERAGES,20/05/17,1831
13_BEVERAGES,21/05/17,1784
13_BEVERAGES,22/05/17,1545
13_BEVERAGES,23/05/17,1475
13_BEVERAGES,24/05/17,1470
13_BEVERAGES,25/05/17,1434
13_BEVERAGES,26/05/17,1616
13_BEVERAGES,27/05/17,1999
13_BEVERAGES,28/05/17,1473
13_BEVERAGES,29/05/17,1494
13_BEVERAGES,30/05/17,1519
13_BEVERAGES,31/05/17,1595
13_BEVERAGES,01/06/17,1871
13_BEVERAGES,02/06/17,1820
13_BEVERAGES,03/06/17,2502
13_BEVERAGES,04/06/17,2264
13_BEVERAGES,05/06/17,2405
13_BEVERAGES,06/06/17,2308
13_BEVERAGES,07/06/17,2421
13_BEVERAGES,08/06/17,1932
13_BEVERAGES,09/06/17,1861
13_BEVERAGES,10/06/17,2113
13_BEVERAGES,11/06/17,1726
13_BEVERAGES,12/06/17,2271
13_BEVERAGES,13/06/17,1333
13_BEVERAGES,14/06/17,1332
13_BEVERAGES,15/06/17,1337
13_BEVERAGES,16/06/17,972
13_BEVERAGES,17/06/17,2079
13_BEVERAGES,18/06/17,1567
13_BEVERAGES,19/06/17,2247
13_BEVERAGES,20/06/17,1202
13_BEVERAGES,21/06/17,1242
13_BEVERAGES,22/06/17,930
13_BEVERAGES,23/06/17,1299
13_BEVERAGES,24/06/17,2083
13_BEVERAGES,25/06/17,1462
13_BEVERAGES,26/06/17,1523
13_BEVERAGES,27/06/17,1142
13_BEVERAGES,28/06/17,1326
13_BEVERAGES,29/06/17,1242
13_BEVERAGES,30/06/17,1638
13_BEVERAGES,01/07/17,2536
13_BEVERAGES,02/07/17,1827
13_BEVERAGES,03/07/17,1747
13_BEVERAGES,04/07/17,1407
13_BEVERAGES,05/07/17,1458
13_BEVERAGES,06/07/17,1380
13_BEVERAGES,07/07/17,1400
13_BEVERAGES,08/07/17,2078
13_BEVERAGES,09/07/17,1545
13_BEVERAGES,10/07/17,1512
13_BEVERAGES,11/07/17,1539
13_BEVERAGES,12/07/17,1147
13_BEVERAGES,13/07/17,1237
13_BEVERAGES,14/07/17,1498
13_BEVERAGES,15/07/17,2041
13_BEVERAGES,16/07/17,1565
13_BEVERAGES,17/07/17,1792
13_BEVERAGES,18/07/17,1245
13_BEVERAGES,19/07/17,1154
13_BEVERAGES,20/07/17,1224
13_BEVERAGES,21/07/17,2053
13_BEVERAGES,22/07/17,1711
13_BEVERAGES,23/07/17,1315
13_BEVERAGES,24/07/17,1509
13_BEVERAGES,25/07/17,1297
13_BEVERAGES,26/07/17,900
13_BEVERAGES,27/07/17,1474
13_BEVERAGES,28/07/17,1721
13_BEVERAGES,29/07/17,2160
13_BEVERAGES,30/07/17,1794
13_BEVERAGES,31/07/17,2264
13_BEVERAGES,01/08/17,1529